Fecha;Franja_horaria;Servicio;Cantidad_de_personas
1/9/2025;00:00;RETENCION CABLE;0
1/9/2025;00:30;RETENCION CABLE;0
1/9/2025;01:00;RETENCION CABLE;0
1/9/2025;01:30;RETENCION CABLE;0
1/9/2025;02:00;RETENCION CABLE;0
1/9/2025;02:30;RETENCION CABLE;0
1/9/2025;03:00;RETENCION CABLE;0
1/9/2025;03:30;RETENCION CABLE;0
1/9/2025;04:00;RETENCION CABLE;0
1/9/2025;04:30;RETENCION CABLE;0
1/9/2025;05:00;RETENCION CABLE;0
1/9/2025;05:30;RETENCION CABLE;0
1/9/2025;06:00;RETENCION CABLE;0
1/9/2025;06:30;RETENCION CABLE;0
1/9/2025;07:00;RETENCION CABLE;0
1/9/2025;07:30;RETENCION CABLE;0
1/9/2025;08:00;RETENCION CABLE;9
1/9/2025;08:30;RETENCION CABLE;17
1/9/2025;09:00;RETENCION CABLE;12
1/9/2025;09:30;RETENCION CABLE;12
1/9/2025;10:00;RETENCION CABLE;12
1/9/2025;10:30;RETENCION CABLE;12
1/9/2025;11:00;RETENCION CABLE;12
1/9/2025;11:30;RETENCION CABLE;12
1/9/2025;12:00;RETENCION CABLE;12
1/9/2025;12:30;RETENCION CABLE;12
1/9/2025;13:00;RETENCION CABLE;12
1/9/2025;13:30;RETENCION CABLE;12
1/9/2025;14:00;RETENCION CABLE;4
1/9/2025;14:30;RETENCION CABLE;5
1/9/2025;15:00;RETENCION CABLE;5
1/9/2025;15:30;RETENCION CABLE;5
1/9/2025;16:00;RETENCION CABLE;6
1/9/2025;16:30;RETENCION CABLE;6
1/9/2025;17:00;RETENCION CABLE;6
1/9/2025;17:30;RETENCION CABLE;6
1/9/2025;18:00;RETENCION CABLE;6
1/9/2025;18:30;RETENCION CABLE;6
1/9/2025;19:00;RETENCION CABLE;5
1/9/2025;19:30;RETENCION CABLE;5
1/9/2025;20:00;RETENCION CABLE;6
1/9/2025;20:30;RETENCION CABLE;6
1/9/2025;21:00;RETENCION CABLE;14
1/9/2025;21:30;RETENCION CABLE;14
1/9/2025;22:00;RETENCION CABLE;0
1/9/2025;22:30;RETENCION CABLE;0
1/9/2025;23:00;RETENCION CABLE;0
1/9/2025;23:30;RETENCION CABLE;0
2/9/2025;00:00;RETENCION CABLE;0
2/9/2025;00:30;RETENCION CABLE;0
2/9/2025;01:00;RETENCION CABLE;0
2/9/2025;01:30;RETENCION CABLE;0
2/9/2025;02:00;RETENCION CABLE;0
2/9/2025;02:30;RETENCION CABLE;0
2/9/2025;03:00;RETENCION CABLE;0
2/9/2025;03:30;RETENCION CABLE;0
2/9/2025;04:00;RETENCION CABLE;0
2/9/2025;04:30;RETENCION CABLE;0
2/9/2025;05:00;RETENCION CABLE;0
2/9/2025;05:30;RETENCION CABLE;0
2/9/2025;06:00;RETENCION CABLE;0
2/9/2025;06:30;RETENCION CABLE;0
2/9/2025;07:00;RETENCION CABLE;0
2/9/2025;07:30;RETENCION CABLE;0
2/9/2025;08:00;RETENCION CABLE;9
2/9/2025;08:30;RETENCION CABLE;17
2/9/2025;09:00;RETENCION CABLE;12
2/9/2025;09:30;RETENCION CABLE;12
2/9/2025;10:00;RETENCION CABLE;12
2/9/2025;10:30;RETENCION CABLE;12
2/9/2025;11:00;RETENCION CABLE;12
2/9/2025;11:30;RETENCION CABLE;12
2/9/2025;12:00;RETENCION CABLE;12
2/9/2025;12:30;RETENCION CABLE;12
2/9/2025;13:00;RETENCION CABLE;12
2/9/2025;13:30;RETENCION CABLE;12
2/9/2025;14:00;RETENCION CABLE;5
2/9/2025;14:30;RETENCION CABLE;5
2/9/2025;15:00;RETENCION CABLE;5
2/9/2025;15:30;RETENCION CABLE;5
2/9/2025;16:00;RETENCION CABLE;4
2/9/2025;16:30;RETENCION CABLE;4
2/9/2025;17:00;RETENCION CABLE;4
2/9/2025;17:30;RETENCION CABLE;4
2/9/2025;18:00;RETENCION CABLE;4
2/9/2025;18:30;RETENCION CABLE;4
2/9/2025;19:00;RETENCION CABLE;4
2/9/2025;19:30;RETENCION CABLE;4
2/9/2025;20:00;RETENCION CABLE;5
2/9/2025;20:30;RETENCION CABLE;4
2/9/2025;21:00;RETENCION CABLE;16
2/9/2025;21:30;RETENCION CABLE;16
2/9/2025;22:00;RETENCION CABLE;0
2/9/2025;22:30;RETENCION CABLE;0
2/9/2025;23:00;RETENCION CABLE;0
2/9/2025;23:30;RETENCION CABLE;0
3/9/2025;00:00;RETENCION CABLE;0
3/9/2025;00:30;RETENCION CABLE;0
3/9/2025;01:00;RETENCION CABLE;0
3/9/2025;01:30;RETENCION CABLE;0
3/9/2025;02:00;RETENCION CABLE;0
3/9/2025;02:30;RETENCION CABLE;0
3/9/2025;03:00;RETENCION CABLE;0
3/9/2025;03:30;RETENCION CABLE;0
3/9/2025;04:00;RETENCION CABLE;0
3/9/2025;04:30;RETENCION CABLE;0
3/9/2025;05:00;RETENCION CABLE;0
3/9/2025;05:30;RETENCION CABLE;0
3/9/2025;06:00;RETENCION CABLE;0
3/9/2025;06:30;RETENCION CABLE;0
3/9/2025;07:00;RETENCION CABLE;0
3/9/2025;07:30;RETENCION CABLE;0
3/9/2025;08:00;RETENCION CABLE;9
3/9/2025;08:30;RETENCION CABLE;18
3/9/2025;09:00;RETENCION CABLE;10
3/9/2025;09:30;RETENCION CABLE;11
3/9/2025;10:00;RETENCION CABLE;11
3/9/2025;10:30;RETENCION CABLE;11
3/9/2025;11:00;RETENCION CABLE;11
3/9/2025;11:30;RETENCION CABLE;11
3/9/2025;12:00;RETENCION CABLE;11
3/9/2025;12:30;RETENCION CABLE;11
3/9/2025;13:00;RETENCION CABLE;11
3/9/2025;13:30;RETENCION CABLE;11
3/9/2025;14:00;RETENCION CABLE;6
3/9/2025;14:30;RETENCION CABLE;8
3/9/2025;15:00;RETENCION CABLE;2
3/9/2025;15:30;RETENCION CABLE;3
3/9/2025;16:00;RETENCION CABLE;5
3/9/2025;16:30;RETENCION CABLE;5
3/9/2025;17:00;RETENCION CABLE;5
3/9/2025;17:30;RETENCION CABLE;5
3/9/2025;18:00;RETENCION CABLE;5
3/9/2025;18:30;RETENCION CABLE;5
3/9/2025;19:00;RETENCION CABLE;5
3/9/2025;19:30;RETENCION CABLE;5
3/9/2025;20:00;RETENCION CABLE;6
3/9/2025;20:30;RETENCION CABLE;5
3/9/2025;21:00;RETENCION CABLE;17
3/9/2025;21:30;RETENCION CABLE;17
3/9/2025;22:00;RETENCION CABLE;0
3/9/2025;22:30;RETENCION CABLE;0
3/9/2025;23:00;RETENCION CABLE;0
3/9/2025;23:30;RETENCION CABLE;0
4/9/2025;00:00;RETENCION CABLE;0
4/9/2025;00:30;RETENCION CABLE;0
4/9/2025;01:00;RETENCION CABLE;0
4/9/2025;01:30;RETENCION CABLE;0
4/9/2025;02:00;RETENCION CABLE;0
4/9/2025;02:30;RETENCION CABLE;0
4/9/2025;03:00;RETENCION CABLE;0
4/9/2025;03:30;RETENCION CABLE;0
4/9/2025;04:00;RETENCION CABLE;0
4/9/2025;04:30;RETENCION CABLE;0
4/9/2025;05:00;RETENCION CABLE;0
4/9/2025;05:30;RETENCION CABLE;0
4/9/2025;06:00;RETENCION CABLE;0
4/9/2025;06:30;RETENCION CABLE;0
4/9/2025;07:00;RETENCION CABLE;0
4/9/2025;07:30;RETENCION CABLE;0
4/9/2025;08:00;RETENCION CABLE;9
4/9/2025;08:30;RETENCION CABLE;17
4/9/2025;09:00;RETENCION CABLE;13
4/9/2025;09:30;RETENCION CABLE;13
4/9/2025;10:00;RETENCION CABLE;13
4/9/2025;10:30;RETENCION CABLE;13
4/9/2025;11:00;RETENCION CABLE;13
4/9/2025;11:30;RETENCION CABLE;13
4/9/2025;12:00;RETENCION CABLE;13
4/9/2025;12:30;RETENCION CABLE;13
4/9/2025;13:00;RETENCION CABLE;13
4/9/2025;13:30;RETENCION CABLE;13
4/9/2025;14:00;RETENCION CABLE;8
4/9/2025;14:30;RETENCION CABLE;8
4/9/2025;15:00;RETENCION CABLE;3
4/9/2025;15:30;RETENCION CABLE;3
4/9/2025;16:00;RETENCION CABLE;3
4/9/2025;16:30;RETENCION CABLE;4
4/9/2025;17:00;RETENCION CABLE;4
4/9/2025;17:30;RETENCION CABLE;4
4/9/2025;18:00;RETENCION CABLE;4
4/9/2025;18:30;RETENCION CABLE;4
4/9/2025;19:00;RETENCION CABLE;3
4/9/2025;19:30;RETENCION CABLE;3
4/9/2025;20:00;RETENCION CABLE;4
4/9/2025;20:30;RETENCION CABLE;3
4/9/2025;21:00;RETENCION CABLE;14
4/9/2025;21:30;RETENCION CABLE;14
4/9/2025;22:00;RETENCION CABLE;0
4/9/2025;22:30;RETENCION CABLE;0
4/9/2025;23:00;RETENCION CABLE;0
4/9/2025;23:30;RETENCION CABLE;0
5/9/2025;00:00;RETENCION CABLE;0
5/9/2025;00:30;RETENCION CABLE;0
5/9/2025;01:00;RETENCION CABLE;0
5/9/2025;01:30;RETENCION CABLE;0
5/9/2025;02:00;RETENCION CABLE;0
5/9/2025;02:30;RETENCION CABLE;0
5/9/2025;03:00;RETENCION CABLE;0
5/9/2025;03:30;RETENCION CABLE;0
5/9/2025;04:00;RETENCION CABLE;0
5/9/2025;04:30;RETENCION CABLE;0
5/9/2025;05:00;RETENCION CABLE;0
5/9/2025;05:30;RETENCION CABLE;0
5/9/2025;06:00;RETENCION CABLE;0
5/9/2025;06:30;RETENCION CABLE;0
5/9/2025;07:00;RETENCION CABLE;0
5/9/2025;07:30;RETENCION CABLE;0
5/9/2025;08:00;RETENCION CABLE;1
5/9/2025;08:30;RETENCION CABLE;7
5/9/2025;09:00;RETENCION CABLE;7
5/9/2025;09:30;RETENCION CABLE;7
5/9/2025;10:00;RETENCION CABLE;7
5/9/2025;10:30;RETENCION CABLE;7
5/9/2025;11:00;RETENCION CABLE;7
5/9/2025;11:30;RETENCION CABLE;7
5/9/2025;12:00;RETENCION CABLE;7
5/9/2025;12:30;RETENCION CABLE;7
5/9/2025;13:00;RETENCION CABLE;7
5/9/2025;13:30;RETENCION CABLE;7
5/9/2025;14:00;RETENCION CABLE;5
5/9/2025;14:30;RETENCION CABLE;5
5/9/2025;15:00;RETENCION CABLE;1
5/9/2025;15:30;RETENCION CABLE;1
5/9/2025;16:00;RETENCION CABLE;2
5/9/2025;16:30;RETENCION CABLE;2
5/9/2025;17:00;RETENCION CABLE;2
5/9/2025;17:30;RETENCION CABLE;2
5/9/2025;18:00;RETENCION CABLE;2
5/9/2025;18:30;RETENCION CABLE;2
5/9/2025;19:00;RETENCION CABLE;2
5/9/2025;19:30;RETENCION CABLE;2
5/9/2025;20:00;RETENCION CABLE;3
5/9/2025;20:30;RETENCION CABLE;2
5/9/2025;21:00;RETENCION CABLE;11
5/9/2025;21:30;RETENCION CABLE;11
5/9/2025;22:00;RETENCION CABLE;0
5/9/2025;22:30;RETENCION CABLE;0
5/9/2025;23:00;RETENCION CABLE;0
5/9/2025;23:30;RETENCION CABLE;0
6/9/2025;00:00;RETENCION CABLE;0
6/9/2025;00:30;RETENCION CABLE;0
6/9/2025;01:00;RETENCION CABLE;0
6/9/2025;01:30;RETENCION CABLE;0
6/9/2025;02:00;RETENCION CABLE;0
6/9/2025;02:30;RETENCION CABLE;0
6/9/2025;03:00;RETENCION CABLE;0
6/9/2025;03:30;RETENCION CABLE;0
6/9/2025;04:00;RETENCION CABLE;0
6/9/2025;04:30;RETENCION CABLE;0
6/9/2025;05:00;RETENCION CABLE;0
6/9/2025;05:30;RETENCION CABLE;0
6/9/2025;06:00;RETENCION CABLE;0
6/9/2025;06:30;RETENCION CABLE;0
6/9/2025;07:00;RETENCION CABLE;0
6/9/2025;07:30;RETENCION CABLE;0
6/9/2025;08:00;RETENCION CABLE;3
6/9/2025;08:30;RETENCION CABLE;3
6/9/2025;09:00;RETENCION CABLE;4
6/9/2025;09:30;RETENCION CABLE;4
6/9/2025;10:00;RETENCION CABLE;4
6/9/2025;10:30;RETENCION CABLE;4
6/9/2025;11:00;RETENCION CABLE;4
6/9/2025;11:30;RETENCION CABLE;4
6/9/2025;12:00;RETENCION CABLE;4
6/9/2025;12:30;RETENCION CABLE;4
6/9/2025;13:00;RETENCION CABLE;4
6/9/2025;13:30;RETENCION CABLE;4
6/9/2025;14:00;RETENCION CABLE;2
6/9/2025;14:30;RETENCION CABLE;2
6/9/2025;15:00;RETENCION CABLE;1
6/9/2025;15:30;RETENCION CABLE;1
6/9/2025;16:00;RETENCION CABLE;2
6/9/2025;16:30;RETENCION CABLE;2
6/9/2025;17:00;RETENCION CABLE;2
6/9/2025;17:30;RETENCION CABLE;2
6/9/2025;18:00;RETENCION CABLE;2
6/9/2025;18:30;RETENCION CABLE;2
6/9/2025;19:00;RETENCION CABLE;2
6/9/2025;19:30;RETENCION CABLE;2
6/9/2025;20:00;RETENCION CABLE;2
6/9/2025;20:30;RETENCION CABLE;2
6/9/2025;21:00;RETENCION CABLE;0
6/9/2025;21:30;RETENCION CABLE;0
6/9/2025;22:00;RETENCION CABLE;0
6/9/2025;22:30;RETENCION CABLE;0
6/9/2025;23:00;RETENCION CABLE;0
6/9/2025;23:30;RETENCION CABLE;0
7/9/2025;00:00;RETENCION CABLE;0
7/9/2025;00:30;RETENCION CABLE;0
7/9/2025;01:00;RETENCION CABLE;0
7/9/2025;01:30;RETENCION CABLE;0
7/9/2025;02:00;RETENCION CABLE;0
7/9/2025;02:30;RETENCION CABLE;0
7/9/2025;03:00;RETENCION CABLE;0
7/9/2025;03:30;RETENCION CABLE;0
7/9/2025;04:00;RETENCION CABLE;0
7/9/2025;04:30;RETENCION CABLE;0
7/9/2025;05:00;RETENCION CABLE;0
7/9/2025;05:30;RETENCION CABLE;0
7/9/2025;06:00;RETENCION CABLE;0
7/9/2025;06:30;RETENCION CABLE;0
7/9/2025;07:00;RETENCION CABLE;0
7/9/2025;07:30;RETENCION CABLE;0
7/9/2025;08:00;RETENCION CABLE;3
7/9/2025;08:30;RETENCION CABLE;3
7/9/2025;09:00;RETENCION CABLE;6
7/9/2025;09:30;RETENCION CABLE;6
7/9/2025;10:00;RETENCION CABLE;6
7/9/2025;10:30;RETENCION CABLE;6
7/9/2025;11:00;RETENCION CABLE;6
7/9/2025;11:30;RETENCION CABLE;6
7/9/2025;12:00;RETENCION CABLE;6
7/9/2025;12:30;RETENCION CABLE;6
7/9/2025;13:00;RETENCION CABLE;6
7/9/2025;13:30;RETENCION CABLE;6
7/9/2025;14:00;RETENCION CABLE;4
7/9/2025;14:30;RETENCION CABLE;4
7/9/2025;15:00;RETENCION CABLE;1
7/9/2025;15:30;RETENCION CABLE;1
7/9/2025;16:00;RETENCION CABLE;2
7/9/2025;16:30;RETENCION CABLE;2
7/9/2025;17:00;RETENCION CABLE;2
7/9/2025;17:30;RETENCION CABLE;2
7/9/2025;18:00;RETENCION CABLE;2
7/9/2025;18:30;RETENCION CABLE;2
7/9/2025;19:00;RETENCION CABLE;2
7/9/2025;19:30;RETENCION CABLE;2
7/9/2025;20:00;RETENCION CABLE;2
7/9/2025;20:30;RETENCION CABLE;2
7/9/2025;21:00;RETENCION CABLE;0
7/9/2025;21:30;RETENCION CABLE;0
7/9/2025;22:00;RETENCION CABLE;0
7/9/2025;22:30;RETENCION CABLE;0
7/9/2025;23:00;RETENCION CABLE;0
7/9/2025;23:30;RETENCION CABLE;0
8/9/2025;00:00;RETENCION CABLE;0
8/9/2025;00:30;RETENCION CABLE;0
8/9/2025;01:00;RETENCION CABLE;0
8/9/2025;01:30;RETENCION CABLE;0
8/9/2025;02:00;RETENCION CABLE;0
8/9/2025;02:30;RETENCION CABLE;0
8/9/2025;03:00;RETENCION CABLE;0
8/9/2025;03:30;RETENCION CABLE;0
8/9/2025;04:00;RETENCION CABLE;0
8/9/2025;04:30;RETENCION CABLE;0
8/9/2025;05:00;RETENCION CABLE;0
8/9/2025;05:30;RETENCION CABLE;0
8/9/2025;06:00;RETENCION CABLE;0
8/9/2025;06:30;RETENCION CABLE;0
8/9/2025;07:00;RETENCION CABLE;0
8/9/2025;07:30;RETENCION CABLE;0
8/9/2025;08:00;RETENCION CABLE;9
8/9/2025;08:30;RETENCION CABLE;17
8/9/2025;09:00;RETENCION CABLE;12
8/9/2025;09:30;RETENCION CABLE;12
8/9/2025;10:00;RETENCION CABLE;12
8/9/2025;10:30;RETENCION CABLE;12
8/9/2025;11:00;RETENCION CABLE;12
8/9/2025;11:30;RETENCION CABLE;12
8/9/2025;12:00;RETENCION CABLE;12
8/9/2025;12:30;RETENCION CABLE;12
8/9/2025;13:00;RETENCION CABLE;12
8/9/2025;13:30;RETENCION CABLE;12
8/9/2025;14:00;RETENCION CABLE;4
8/9/2025;14:30;RETENCION CABLE;5
8/9/2025;15:00;RETENCION CABLE;5
8/9/2025;15:30;RETENCION CABLE;5
8/9/2025;16:00;RETENCION CABLE;6
8/9/2025;16:30;RETENCION CABLE;6
8/9/2025;17:00;RETENCION CABLE;6
8/9/2025;17:30;RETENCION CABLE;6
8/9/2025;18:00;RETENCION CABLE;6
8/9/2025;18:30;RETENCION CABLE;6
8/9/2025;19:00;RETENCION CABLE;5
8/9/2025;19:30;RETENCION CABLE;5
8/9/2025;20:00;RETENCION CABLE;6
8/9/2025;20:30;RETENCION CABLE;6
8/9/2025;21:00;RETENCION CABLE;14
8/9/2025;21:30;RETENCION CABLE;14
8/9/2025;22:00;RETENCION CABLE;0
8/9/2025;22:30;RETENCION CABLE;0
8/9/2025;23:00;RETENCION CABLE;0
8/9/2025;23:30;RETENCION CABLE;0
9/9/2025;00:00;RETENCION CABLE;0
9/9/2025;00:30;RETENCION CABLE;0
9/9/2025;01:00;RETENCION CABLE;0
9/9/2025;01:30;RETENCION CABLE;0
9/9/2025;02:00;RETENCION CABLE;0
9/9/2025;02:30;RETENCION CABLE;0
9/9/2025;03:00;RETENCION CABLE;0
9/9/2025;03:30;RETENCION CABLE;0
9/9/2025;04:00;RETENCION CABLE;0
9/9/2025;04:30;RETENCION CABLE;0
9/9/2025;05:00;RETENCION CABLE;0
9/9/2025;05:30;RETENCION CABLE;0
9/9/2025;06:00;RETENCION CABLE;0
9/9/2025;06:30;RETENCION CABLE;0
9/9/2025;07:00;RETENCION CABLE;0
9/9/2025;07:30;RETENCION CABLE;0
9/9/2025;08:00;RETENCION CABLE;9
9/9/2025;08:30;RETENCION CABLE;17
9/9/2025;09:00;RETENCION CABLE;12
9/9/2025;09:30;RETENCION CABLE;12
9/9/2025;10:00;RETENCION CABLE;12
9/9/2025;10:30;RETENCION CABLE;12
9/9/2025;11:00;RETENCION CABLE;12
9/9/2025;11:30;RETENCION CABLE;12
9/9/2025;12:00;RETENCION CABLE;12
9/9/2025;12:30;RETENCION CABLE;12
9/9/2025;13:00;RETENCION CABLE;12
9/9/2025;13:30;RETENCION CABLE;12
9/9/2025;14:00;RETENCION CABLE;5
9/9/2025;14:30;RETENCION CABLE;5
9/9/2025;15:00;RETENCION CABLE;5
9/9/2025;15:30;RETENCION CABLE;5
9/9/2025;16:00;RETENCION CABLE;4
9/9/2025;16:30;RETENCION CABLE;4
9/9/2025;17:00;RETENCION CABLE;4
9/9/2025;17:30;RETENCION CABLE;4
9/9/2025;18:00;RETENCION CABLE;4
9/9/2025;18:30;RETENCION CABLE;4
9/9/2025;19:00;RETENCION CABLE;4
9/9/2025;19:30;RETENCION CABLE;4
9/9/2025;20:00;RETENCION CABLE;5
9/9/2025;20:30;RETENCION CABLE;4
9/9/2025;21:00;RETENCION CABLE;16
9/9/2025;21:30;RETENCION CABLE;16
9/9/2025;22:00;RETENCION CABLE;0
9/9/2025;22:30;RETENCION CABLE;0
9/9/2025;23:00;RETENCION CABLE;0
9/9/2025;23:30;RETENCION CABLE;0
10/9/2025;00:00;RETENCION CABLE;0
10/9/2025;00:30;RETENCION CABLE;0
10/9/2025;01:00;RETENCION CABLE;0
10/9/2025;01:30;RETENCION CABLE;0
10/9/2025;02:00;RETENCION CABLE;0
10/9/2025;02:30;RETENCION CABLE;0
10/9/2025;03:00;RETENCION CABLE;0
10/9/2025;03:30;RETENCION CABLE;0
10/9/2025;04:00;RETENCION CABLE;0
10/9/2025;04:30;RETENCION CABLE;0
10/9/2025;05:00;RETENCION CABLE;0
10/9/2025;05:30;RETENCION CABLE;0
10/9/2025;06:00;RETENCION CABLE;0
10/9/2025;06:30;RETENCION CABLE;0
10/9/2025;07:00;RETENCION CABLE;0
10/9/2025;07:30;RETENCION CABLE;0
10/9/2025;08:00;RETENCION CABLE;9
10/9/2025;08:30;RETENCION CABLE;18
10/9/2025;09:00;RETENCION CABLE;10
10/9/2025;09:30;RETENCION CABLE;11
10/9/2025;10:00;RETENCION CABLE;11
10/9/2025;10:30;RETENCION CABLE;11
10/9/2025;11:00;RETENCION CABLE;11
10/9/2025;11:30;RETENCION CABLE;11
10/9/2025;12:00;RETENCION CABLE;11
10/9/2025;12:30;RETENCION CABLE;11
10/9/2025;13:00;RETENCION CABLE;11
10/9/2025;13:30;RETENCION CABLE;11
10/9/2025;14:00;RETENCION CABLE;6
10/9/2025;14:30;RETENCION CABLE;8
10/9/2025;15:00;RETENCION CABLE;2
10/9/2025;15:30;RETENCION CABLE;3
10/9/2025;16:00;RETENCION CABLE;5
10/9/2025;16:30;RETENCION CABLE;5
10/9/2025;17:00;RETENCION CABLE;5
10/9/2025;17:30;RETENCION CABLE;5
10/9/2025;18:00;RETENCION CABLE;5
10/9/2025;18:30;RETENCION CABLE;5
10/9/2025;19:00;RETENCION CABLE;5
10/9/2025;19:30;RETENCION CABLE;5
10/9/2025;20:00;RETENCION CABLE;6
10/9/2025;20:30;RETENCION CABLE;5
10/9/2025;21:00;RETENCION CABLE;17
10/9/2025;21:30;RETENCION CABLE;17
10/9/2025;22:00;RETENCION CABLE;0
10/9/2025;22:30;RETENCION CABLE;0
10/9/2025;23:00;RETENCION CABLE;0
10/9/2025;23:30;RETENCION CABLE;0
11/9/2025;00:00;RETENCION CABLE;0
11/9/2025;00:30;RETENCION CABLE;0
11/9/2025;01:00;RETENCION CABLE;0
11/9/2025;01:30;RETENCION CABLE;0
11/9/2025;02:00;RETENCION CABLE;0
11/9/2025;02:30;RETENCION CABLE;0
11/9/2025;03:00;RETENCION CABLE;0
11/9/2025;03:30;RETENCION CABLE;0
11/9/2025;04:00;RETENCION CABLE;0
11/9/2025;04:30;RETENCION CABLE;0
11/9/2025;05:00;RETENCION CABLE;0
11/9/2025;05:30;RETENCION CABLE;0
11/9/2025;06:00;RETENCION CABLE;0
11/9/2025;06:30;RETENCION CABLE;0
11/9/2025;07:00;RETENCION CABLE;0
11/9/2025;07:30;RETENCION CABLE;0
11/9/2025;08:00;RETENCION CABLE;9
11/9/2025;08:30;RETENCION CABLE;17
11/9/2025;09:00;RETENCION CABLE;13
11/9/2025;09:30;RETENCION CABLE;13
11/9/2025;10:00;RETENCION CABLE;13
11/9/2025;10:30;RETENCION CABLE;13
11/9/2025;11:00;RETENCION CABLE;13
11/9/2025;11:30;RETENCION CABLE;13
11/9/2025;12:00;RETENCION CABLE;13
11/9/2025;12:30;RETENCION CABLE;13
11/9/2025;13:00;RETENCION CABLE;13
11/9/2025;13:30;RETENCION CABLE;13
11/9/2025;14:00;RETENCION CABLE;8
11/9/2025;14:30;RETENCION CABLE;8
11/9/2025;15:00;RETENCION CABLE;3
11/9/2025;15:30;RETENCION CABLE;3
11/9/2025;16:00;RETENCION CABLE;3
11/9/2025;16:30;RETENCION CABLE;4
11/9/2025;17:00;RETENCION CABLE;4
11/9/2025;17:30;RETENCION CABLE;4
11/9/2025;18:00;RETENCION CABLE;4
11/9/2025;18:30;RETENCION CABLE;4
11/9/2025;19:00;RETENCION CABLE;3
11/9/2025;19:30;RETENCION CABLE;3
11/9/2025;20:00;RETENCION CABLE;4
11/9/2025;20:30;RETENCION CABLE;3
11/9/2025;21:00;RETENCION CABLE;14
11/9/2025;21:30;RETENCION CABLE;14
11/9/2025;22:00;RETENCION CABLE;0
11/9/2025;22:30;RETENCION CABLE;0
11/9/2025;23:00;RETENCION CABLE;0
11/9/2025;23:30;RETENCION CABLE;0
12/9/2025;00:00;RETENCION CABLE;0
12/9/2025;00:30;RETENCION CABLE;0
12/9/2025;01:00;RETENCION CABLE;0
12/9/2025;01:30;RETENCION CABLE;0
12/9/2025;02:00;RETENCION CABLE;0
12/9/2025;02:30;RETENCION CABLE;0
12/9/2025;03:00;RETENCION CABLE;0
12/9/2025;03:30;RETENCION CABLE;0
12/9/2025;04:00;RETENCION CABLE;0
12/9/2025;04:30;RETENCION CABLE;0
12/9/2025;05:00;RETENCION CABLE;0
12/9/2025;05:30;RETENCION CABLE;0
12/9/2025;06:00;RETENCION CABLE;0
12/9/2025;06:30;RETENCION CABLE;0
12/9/2025;07:00;RETENCION CABLE;0
12/9/2025;07:30;RETENCION CABLE;0
12/9/2025;08:00;RETENCION CABLE;1
12/9/2025;08:30;RETENCION CABLE;7
12/9/2025;09:00;RETENCION CABLE;7
12/9/2025;09:30;RETENCION CABLE;7
12/9/2025;10:00;RETENCION CABLE;7
12/9/2025;10:30;RETENCION CABLE;7
12/9/2025;11:00;RETENCION CABLE;7
12/9/2025;11:30;RETENCION CABLE;7
12/9/2025;12:00;RETENCION CABLE;7
12/9/2025;12:30;RETENCION CABLE;7
12/9/2025;13:00;RETENCION CABLE;7
12/9/2025;13:30;RETENCION CABLE;7
12/9/2025;14:00;RETENCION CABLE;5
12/9/2025;14:30;RETENCION CABLE;5
12/9/2025;15:00;RETENCION CABLE;1
12/9/2025;15:30;RETENCION CABLE;1
12/9/2025;16:00;RETENCION CABLE;2
12/9/2025;16:30;RETENCION CABLE;2
12/9/2025;17:00;RETENCION CABLE;2
12/9/2025;17:30;RETENCION CABLE;2
12/9/2025;18:00;RETENCION CABLE;2
12/9/2025;18:30;RETENCION CABLE;2
12/9/2025;19:00;RETENCION CABLE;2
12/9/2025;19:30;RETENCION CABLE;2
12/9/2025;20:00;RETENCION CABLE;3
12/9/2025;20:30;RETENCION CABLE;2
12/9/2025;21:00;RETENCION CABLE;11
12/9/2025;21:30;RETENCION CABLE;11
12/9/2025;22:00;RETENCION CABLE;0
12/9/2025;22:30;RETENCION CABLE;0
12/9/2025;23:00;RETENCION CABLE;0
12/9/2025;23:30;RETENCION CABLE;0
13/9/2025;00:00;RETENCION CABLE;0
13/9/2025;00:30;RETENCION CABLE;0
13/9/2025;01:00;RETENCION CABLE;0
13/9/2025;01:30;RETENCION CABLE;0
13/9/2025;02:00;RETENCION CABLE;0
13/9/2025;02:30;RETENCION CABLE;0
13/9/2025;03:00;RETENCION CABLE;0
13/9/2025;03:30;RETENCION CABLE;0
13/9/2025;04:00;RETENCION CABLE;0
13/9/2025;04:30;RETENCION CABLE;0
13/9/2025;05:00;RETENCION CABLE;0
13/9/2025;05:30;RETENCION CABLE;0
13/9/2025;06:00;RETENCION CABLE;0
13/9/2025;06:30;RETENCION CABLE;0
13/9/2025;07:00;RETENCION CABLE;0
13/9/2025;07:30;RETENCION CABLE;0
13/9/2025;08:00;RETENCION CABLE;3
13/9/2025;08:30;RETENCION CABLE;3
13/9/2025;09:00;RETENCION CABLE;4
13/9/2025;09:30;RETENCION CABLE;4
13/9/2025;10:00;RETENCION CABLE;4
13/9/2025;10:30;RETENCION CABLE;4
13/9/2025;11:00;RETENCION CABLE;4
13/9/2025;11:30;RETENCION CABLE;4
13/9/2025;12:00;RETENCION CABLE;4
13/9/2025;12:30;RETENCION CABLE;4
13/9/2025;13:00;RETENCION CABLE;4
13/9/2025;13:30;RETENCION CABLE;4
13/9/2025;14:00;RETENCION CABLE;2
13/9/2025;14:30;RETENCION CABLE;2
13/9/2025;15:00;RETENCION CABLE;1
13/9/2025;15:30;RETENCION CABLE;1
13/9/2025;16:00;RETENCION CABLE;2
13/9/2025;16:30;RETENCION CABLE;2
13/9/2025;17:00;RETENCION CABLE;2
13/9/2025;17:30;RETENCION CABLE;2
13/9/2025;18:00;RETENCION CABLE;2
13/9/2025;18:30;RETENCION CABLE;2
13/9/2025;19:00;RETENCION CABLE;2
13/9/2025;19:30;RETENCION CABLE;2
13/9/2025;20:00;RETENCION CABLE;2
13/9/2025;20:30;RETENCION CABLE;2
13/9/2025;21:00;RETENCION CABLE;0
13/9/2025;21:30;RETENCION CABLE;0
13/9/2025;22:00;RETENCION CABLE;0
13/9/2025;22:30;RETENCION CABLE;0
13/9/2025;23:00;RETENCION CABLE;0
13/9/2025;23:30;RETENCION CABLE;0
14/9/2025;00:00;RETENCION CABLE;0
14/9/2025;00:30;RETENCION CABLE;0
14/9/2025;01:00;RETENCION CABLE;0
14/9/2025;01:30;RETENCION CABLE;0
14/9/2025;02:00;RETENCION CABLE;0
14/9/2025;02:30;RETENCION CABLE;0
14/9/2025;03:00;RETENCION CABLE;0
14/9/2025;03:30;RETENCION CABLE;0
14/9/2025;04:00;RETENCION CABLE;0
14/9/2025;04:30;RETENCION CABLE;0
14/9/2025;05:00;RETENCION CABLE;0
14/9/2025;05:30;RETENCION CABLE;0
14/9/2025;06:00;RETENCION CABLE;0
14/9/2025;06:30;RETENCION CABLE;0
14/9/2025;07:00;RETENCION CABLE;0
14/9/2025;07:30;RETENCION CABLE;0
14/9/2025;08:00;RETENCION CABLE;3
14/9/2025;08:30;RETENCION CABLE;3
14/9/2025;09:00;RETENCION CABLE;6
14/9/2025;09:30;RETENCION CABLE;6
14/9/2025;10:00;RETENCION CABLE;6
14/9/2025;10:30;RETENCION CABLE;6
14/9/2025;11:00;RETENCION CABLE;6
14/9/2025;11:30;RETENCION CABLE;6
14/9/2025;12:00;RETENCION CABLE;6
14/9/2025;12:30;RETENCION CABLE;6
14/9/2025;13:00;RETENCION CABLE;6
14/9/2025;13:30;RETENCION CABLE;6
14/9/2025;14:00;RETENCION CABLE;4
14/9/2025;14:30;RETENCION CABLE;4
14/9/2025;15:00;RETENCION CABLE;1
14/9/2025;15:30;RETENCION CABLE;1
14/9/2025;16:00;RETENCION CABLE;2
14/9/2025;16:30;RETENCION CABLE;2
14/9/2025;17:00;RETENCION CABLE;2
14/9/2025;17:30;RETENCION CABLE;2
14/9/2025;18:00;RETENCION CABLE;2
14/9/2025;18:30;RETENCION CABLE;2
14/9/2025;19:00;RETENCION CABLE;2
14/9/2025;19:30;RETENCION CABLE;2
14/9/2025;20:00;RETENCION CABLE;2
14/9/2025;20:30;RETENCION CABLE;2
14/9/2025;21:00;RETENCION CABLE;0
14/9/2025;21:30;RETENCION CABLE;0
14/9/2025;22:00;RETENCION CABLE;0
14/9/2025;22:30;RETENCION CABLE;0
14/9/2025;23:00;RETENCION CABLE;0
14/9/2025;23:30;RETENCION CABLE;0
15/9/2025;00:00;RETENCION CABLE;0
15/9/2025;00:30;RETENCION CABLE;0
15/9/2025;01:00;RETENCION CABLE;0
15/9/2025;01:30;RETENCION CABLE;0
15/9/2025;02:00;RETENCION CABLE;0
15/9/2025;02:30;RETENCION CABLE;0
15/9/2025;03:00;RETENCION CABLE;0
15/9/2025;03:30;RETENCION CABLE;0
15/9/2025;04:00;RETENCION CABLE;0
15/9/2025;04:30;RETENCION CABLE;0
15/9/2025;05:00;RETENCION CABLE;0
15/9/2025;05:30;RETENCION CABLE;0
15/9/2025;06:00;RETENCION CABLE;0
15/9/2025;06:30;RETENCION CABLE;0
15/9/2025;07:00;RETENCION CABLE;0
15/9/2025;07:30;RETENCION CABLE;0
15/9/2025;08:00;RETENCION CABLE;9
15/9/2025;08:30;RETENCION CABLE;17
15/9/2025;09:00;RETENCION CABLE;12
15/9/2025;09:30;RETENCION CABLE;12
15/9/2025;10:00;RETENCION CABLE;12
15/9/2025;10:30;RETENCION CABLE;12
15/9/2025;11:00;RETENCION CABLE;12
15/9/2025;11:30;RETENCION CABLE;12
15/9/2025;12:00;RETENCION CABLE;12
15/9/2025;12:30;RETENCION CABLE;12
15/9/2025;13:00;RETENCION CABLE;12
15/9/2025;13:30;RETENCION CABLE;12
15/9/2025;14:00;RETENCION CABLE;4
15/9/2025;14:30;RETENCION CABLE;5
15/9/2025;15:00;RETENCION CABLE;5
15/9/2025;15:30;RETENCION CABLE;5
15/9/2025;16:00;RETENCION CABLE;6
15/9/2025;16:30;RETENCION CABLE;6
15/9/2025;17:00;RETENCION CABLE;6
15/9/2025;17:30;RETENCION CABLE;6
15/9/2025;18:00;RETENCION CABLE;6
15/9/2025;18:30;RETENCION CABLE;6
15/9/2025;19:00;RETENCION CABLE;5
15/9/2025;19:30;RETENCION CABLE;5
15/9/2025;20:00;RETENCION CABLE;6
15/9/2025;20:30;RETENCION CABLE;6
15/9/2025;21:00;RETENCION CABLE;14
15/9/2025;21:30;RETENCION CABLE;14
15/9/2025;22:00;RETENCION CABLE;0
15/9/2025;22:30;RETENCION CABLE;0
15/9/2025;23:00;RETENCION CABLE;0
15/9/2025;23:30;RETENCION CABLE;0
16/9/2025;00:00;RETENCION CABLE;0
16/9/2025;00:30;RETENCION CABLE;0
16/9/2025;01:00;RETENCION CABLE;0
16/9/2025;01:30;RETENCION CABLE;0
16/9/2025;02:00;RETENCION CABLE;0
16/9/2025;02:30;RETENCION CABLE;0
16/9/2025;03:00;RETENCION CABLE;0
16/9/2025;03:30;RETENCION CABLE;0
16/9/2025;04:00;RETENCION CABLE;0
16/9/2025;04:30;RETENCION CABLE;0
16/9/2025;05:00;RETENCION CABLE;0
16/9/2025;05:30;RETENCION CABLE;0
16/9/2025;06:00;RETENCION CABLE;0
16/9/2025;06:30;RETENCION CABLE;0
16/9/2025;07:00;RETENCION CABLE;0
16/9/2025;07:30;RETENCION CABLE;0
16/9/2025;08:00;RETENCION CABLE;9
16/9/2025;08:30;RETENCION CABLE;17
16/9/2025;09:00;RETENCION CABLE;12
16/9/2025;09:30;RETENCION CABLE;12
16/9/2025;10:00;RETENCION CABLE;12
16/9/2025;10:30;RETENCION CABLE;12
16/9/2025;11:00;RETENCION CABLE;12
16/9/2025;11:30;RETENCION CABLE;12
16/9/2025;12:00;RETENCION CABLE;12
16/9/2025;12:30;RETENCION CABLE;12
16/9/2025;13:00;RETENCION CABLE;12
16/9/2025;13:30;RETENCION CABLE;12
16/9/2025;14:00;RETENCION CABLE;5
16/9/2025;14:30;RETENCION CABLE;5
16/9/2025;15:00;RETENCION CABLE;5
16/9/2025;15:30;RETENCION CABLE;5
16/9/2025;16:00;RETENCION CABLE;4
16/9/2025;16:30;RETENCION CABLE;4
16/9/2025;17:00;RETENCION CABLE;4
16/9/2025;17:30;RETENCION CABLE;4
16/9/2025;18:00;RETENCION CABLE;4
16/9/2025;18:30;RETENCION CABLE;4
16/9/2025;19:00;RETENCION CABLE;4
16/9/2025;19:30;RETENCION CABLE;4
16/9/2025;20:00;RETENCION CABLE;5
16/9/2025;20:30;RETENCION CABLE;4
16/9/2025;21:00;RETENCION CABLE;16
16/9/2025;21:30;RETENCION CABLE;16
16/9/2025;22:00;RETENCION CABLE;0
16/9/2025;22:30;RETENCION CABLE;0
16/9/2025;23:00;RETENCION CABLE;0
16/9/2025;23:30;RETENCION CABLE;0
17/9/2025;00:00;RETENCION CABLE;0
17/9/2025;00:30;RETENCION CABLE;0
17/9/2025;01:00;RETENCION CABLE;0
17/9/2025;01:30;RETENCION CABLE;0
17/9/2025;02:00;RETENCION CABLE;0
17/9/2025;02:30;RETENCION CABLE;0
17/9/2025;03:00;RETENCION CABLE;0
17/9/2025;03:30;RETENCION CABLE;0
17/9/2025;04:00;RETENCION CABLE;0
17/9/2025;04:30;RETENCION CABLE;0
17/9/2025;05:00;RETENCION CABLE;0
17/9/2025;05:30;RETENCION CABLE;0
17/9/2025;06:00;RETENCION CABLE;0
17/9/2025;06:30;RETENCION CABLE;0
17/9/2025;07:00;RETENCION CABLE;0
17/9/2025;07:30;RETENCION CABLE;0
17/9/2025;08:00;RETENCION CABLE;9
17/9/2025;08:30;RETENCION CABLE;18
17/9/2025;09:00;RETENCION CABLE;10
17/9/2025;09:30;RETENCION CABLE;11
17/9/2025;10:00;RETENCION CABLE;11
17/9/2025;10:30;RETENCION CABLE;11
17/9/2025;11:00;RETENCION CABLE;11
17/9/2025;11:30;RETENCION CABLE;11
17/9/2025;12:00;RETENCION CABLE;11
17/9/2025;12:30;RETENCION CABLE;11
17/9/2025;13:00;RETENCION CABLE;11
17/9/2025;13:30;RETENCION CABLE;11
17/9/2025;14:00;RETENCION CABLE;6
17/9/2025;14:30;RETENCION CABLE;8
17/9/2025;15:00;RETENCION CABLE;2
17/9/2025;15:30;RETENCION CABLE;3
17/9/2025;16:00;RETENCION CABLE;5
17/9/2025;16:30;RETENCION CABLE;5
17/9/2025;17:00;RETENCION CABLE;5
17/9/2025;17:30;RETENCION CABLE;5
17/9/2025;18:00;RETENCION CABLE;5
17/9/2025;18:30;RETENCION CABLE;5
17/9/2025;19:00;RETENCION CABLE;5
17/9/2025;19:30;RETENCION CABLE;5
17/9/2025;20:00;RETENCION CABLE;6
17/9/2025;20:30;RETENCION CABLE;5
17/9/2025;21:00;RETENCION CABLE;17
17/9/2025;21:30;RETENCION CABLE;17
17/9/2025;22:00;RETENCION CABLE;0
17/9/2025;22:30;RETENCION CABLE;0
17/9/2025;23:00;RETENCION CABLE;0
17/9/2025;23:30;RETENCION CABLE;0
18/9/2025;00:00;RETENCION CABLE;0
18/9/2025;00:30;RETENCION CABLE;0
18/9/2025;01:00;RETENCION CABLE;0
18/9/2025;01:30;RETENCION CABLE;0
18/9/2025;02:00;RETENCION CABLE;0
18/9/2025;02:30;RETENCION CABLE;0
18/9/2025;03:00;RETENCION CABLE;0
18/9/2025;03:30;RETENCION CABLE;0
18/9/2025;04:00;RETENCION CABLE;0
18/9/2025;04:30;RETENCION CABLE;0
18/9/2025;05:00;RETENCION CABLE;0
18/9/2025;05:30;RETENCION CABLE;0
18/9/2025;06:00;RETENCION CABLE;0
18/9/2025;06:30;RETENCION CABLE;0
18/9/2025;07:00;RETENCION CABLE;0
18/9/2025;07:30;RETENCION CABLE;0
18/9/2025;08:00;RETENCION CABLE;9
18/9/2025;08:30;RETENCION CABLE;17
18/9/2025;09:00;RETENCION CABLE;13
18/9/2025;09:30;RETENCION CABLE;13
18/9/2025;10:00;RETENCION CABLE;13
18/9/2025;10:30;RETENCION CABLE;13
18/9/2025;11:00;RETENCION CABLE;13
18/9/2025;11:30;RETENCION CABLE;13
18/9/2025;12:00;RETENCION CABLE;13
18/9/2025;12:30;RETENCION CABLE;13
18/9/2025;13:00;RETENCION CABLE;13
18/9/2025;13:30;RETENCION CABLE;13
18/9/2025;14:00;RETENCION CABLE;8
18/9/2025;14:30;RETENCION CABLE;8
18/9/2025;15:00;RETENCION CABLE;3
18/9/2025;15:30;RETENCION CABLE;3
18/9/2025;16:00;RETENCION CABLE;3
18/9/2025;16:30;RETENCION CABLE;4
18/9/2025;17:00;RETENCION CABLE;4
18/9/2025;17:30;RETENCION CABLE;4
18/9/2025;18:00;RETENCION CABLE;4
18/9/2025;18:30;RETENCION CABLE;4
18/9/2025;19:00;RETENCION CABLE;3
18/9/2025;19:30;RETENCION CABLE;3
18/9/2025;20:00;RETENCION CABLE;4
18/9/2025;20:30;RETENCION CABLE;3
18/9/2025;21:00;RETENCION CABLE;14
18/9/2025;21:30;RETENCION CABLE;14
18/9/2025;22:00;RETENCION CABLE;0
18/9/2025;22:30;RETENCION CABLE;0
18/9/2025;23:00;RETENCION CABLE;0
18/9/2025;23:30;RETENCION CABLE;0
19/9/2025;00:00;RETENCION CABLE;0
19/9/2025;00:30;RETENCION CABLE;0
19/9/2025;01:00;RETENCION CABLE;0
19/9/2025;01:30;RETENCION CABLE;0
19/9/2025;02:00;RETENCION CABLE;0
19/9/2025;02:30;RETENCION CABLE;0
19/9/2025;03:00;RETENCION CABLE;0
19/9/2025;03:30;RETENCION CABLE;0
19/9/2025;04:00;RETENCION CABLE;0
19/9/2025;04:30;RETENCION CABLE;0
19/9/2025;05:00;RETENCION CABLE;0
19/9/2025;05:30;RETENCION CABLE;0
19/9/2025;06:00;RETENCION CABLE;0
19/9/2025;06:30;RETENCION CABLE;0
19/9/2025;07:00;RETENCION CABLE;0
19/9/2025;07:30;RETENCION CABLE;0
19/9/2025;08:00;RETENCION CABLE;1
19/9/2025;08:30;RETENCION CABLE;7
19/9/2025;09:00;RETENCION CABLE;7
19/9/2025;09:30;RETENCION CABLE;7
19/9/2025;10:00;RETENCION CABLE;7
19/9/2025;10:30;RETENCION CABLE;7
19/9/2025;11:00;RETENCION CABLE;7
19/9/2025;11:30;RETENCION CABLE;7
19/9/2025;12:00;RETENCION CABLE;7
19/9/2025;12:30;RETENCION CABLE;7
19/9/2025;13:00;RETENCION CABLE;7
19/9/2025;13:30;RETENCION CABLE;7
19/9/2025;14:00;RETENCION CABLE;5
19/9/2025;14:30;RETENCION CABLE;5
19/9/2025;15:00;RETENCION CABLE;1
19/9/2025;15:30;RETENCION CABLE;1
19/9/2025;16:00;RETENCION CABLE;2
19/9/2025;16:30;RETENCION CABLE;2
19/9/2025;17:00;RETENCION CABLE;2
19/9/2025;17:30;RETENCION CABLE;2
19/9/2025;18:00;RETENCION CABLE;2
19/9/2025;18:30;RETENCION CABLE;2
19/9/2025;19:00;RETENCION CABLE;2
19/9/2025;19:30;RETENCION CABLE;2
19/9/2025;20:00;RETENCION CABLE;3
19/9/2025;20:30;RETENCION CABLE;2
19/9/2025;21:00;RETENCION CABLE;11
19/9/2025;21:30;RETENCION CABLE;11
19/9/2025;22:00;RETENCION CABLE;0
19/9/2025;22:30;RETENCION CABLE;0
19/9/2025;23:00;RETENCION CABLE;0
19/9/2025;23:30;RETENCION CABLE;0
20/9/2025;00:00;RETENCION CABLE;0
20/9/2025;00:30;RETENCION CABLE;0
20/9/2025;01:00;RETENCION CABLE;0
20/9/2025;01:30;RETENCION CABLE;0
20/9/2025;02:00;RETENCION CABLE;0
20/9/2025;02:30;RETENCION CABLE;0
20/9/2025;03:00;RETENCION CABLE;0
20/9/2025;03:30;RETENCION CABLE;0
20/9/2025;04:00;RETENCION CABLE;0
20/9/2025;04:30;RETENCION CABLE;0
20/9/2025;05:00;RETENCION CABLE;0
20/9/2025;05:30;RETENCION CABLE;0
20/9/2025;06:00;RETENCION CABLE;0
20/9/2025;06:30;RETENCION CABLE;0
20/9/2025;07:00;RETENCION CABLE;0
20/9/2025;07:30;RETENCION CABLE;0
20/9/2025;08:00;RETENCION CABLE;3
20/9/2025;08:30;RETENCION CABLE;3
20/9/2025;09:00;RETENCION CABLE;4
20/9/2025;09:30;RETENCION CABLE;4
20/9/2025;10:00;RETENCION CABLE;4
20/9/2025;10:30;RETENCION CABLE;4
20/9/2025;11:00;RETENCION CABLE;4
20/9/2025;11:30;RETENCION CABLE;4
20/9/2025;12:00;RETENCION CABLE;4
20/9/2025;12:30;RETENCION CABLE;4
20/9/2025;13:00;RETENCION CABLE;4
20/9/2025;13:30;RETENCION CABLE;4
20/9/2025;14:00;RETENCION CABLE;2
20/9/2025;14:30;RETENCION CABLE;2
20/9/2025;15:00;RETENCION CABLE;1
20/9/2025;15:30;RETENCION CABLE;1
20/9/2025;16:00;RETENCION CABLE;2
20/9/2025;16:30;RETENCION CABLE;2
20/9/2025;17:00;RETENCION CABLE;2
20/9/2025;17:30;RETENCION CABLE;2
20/9/2025;18:00;RETENCION CABLE;2
20/9/2025;18:30;RETENCION CABLE;2
20/9/2025;19:00;RETENCION CABLE;2
20/9/2025;19:30;RETENCION CABLE;2
20/9/2025;20:00;RETENCION CABLE;2
20/9/2025;20:30;RETENCION CABLE;2
20/9/2025;21:00;RETENCION CABLE;0
20/9/2025;21:30;RETENCION CABLE;0
20/9/2025;22:00;RETENCION CABLE;0
20/9/2025;22:30;RETENCION CABLE;0
20/9/2025;23:00;RETENCION CABLE;0
20/9/2025;23:30;RETENCION CABLE;0
21/9/2025;00:00;RETENCION CABLE;0
21/9/2025;00:30;RETENCION CABLE;0
21/9/2025;01:00;RETENCION CABLE;0
21/9/2025;01:30;RETENCION CABLE;0
21/9/2025;02:00;RETENCION CABLE;0
21/9/2025;02:30;RETENCION CABLE;0
21/9/2025;03:00;RETENCION CABLE;0
21/9/2025;03:30;RETENCION CABLE;0
21/9/2025;04:00;RETENCION CABLE;0
21/9/2025;04:30;RETENCION CABLE;0
21/9/2025;05:00;RETENCION CABLE;0
21/9/2025;05:30;RETENCION CABLE;0
21/9/2025;06:00;RETENCION CABLE;0
21/9/2025;06:30;RETENCION CABLE;0
21/9/2025;07:00;RETENCION CABLE;0
21/9/2025;07:30;RETENCION CABLE;0
21/9/2025;08:00;RETENCION CABLE;3
21/9/2025;08:30;RETENCION CABLE;3
21/9/2025;09:00;RETENCION CABLE;6
21/9/2025;09:30;RETENCION CABLE;6
21/9/2025;10:00;RETENCION CABLE;6
21/9/2025;10:30;RETENCION CABLE;6
21/9/2025;11:00;RETENCION CABLE;6
21/9/2025;11:30;RETENCION CABLE;6
21/9/2025;12:00;RETENCION CABLE;6
21/9/2025;12:30;RETENCION CABLE;6
21/9/2025;13:00;RETENCION CABLE;6
21/9/2025;13:30;RETENCION CABLE;6
21/9/2025;14:00;RETENCION CABLE;4
21/9/2025;14:30;RETENCION CABLE;4
21/9/2025;15:00;RETENCION CABLE;1
21/9/2025;15:30;RETENCION CABLE;1
21/9/2025;16:00;RETENCION CABLE;2
21/9/2025;16:30;RETENCION CABLE;2
21/9/2025;17:00;RETENCION CABLE;2
21/9/2025;17:30;RETENCION CABLE;2
21/9/2025;18:00;RETENCION CABLE;2
21/9/2025;18:30;RETENCION CABLE;2
21/9/2025;19:00;RETENCION CABLE;2
21/9/2025;19:30;RETENCION CABLE;2
21/9/2025;20:00;RETENCION CABLE;2
21/9/2025;20:30;RETENCION CABLE;2
21/9/2025;21:00;RETENCION CABLE;0
21/9/2025;21:30;RETENCION CABLE;0
21/9/2025;22:00;RETENCION CABLE;0
21/9/2025;22:30;RETENCION CABLE;0
21/9/2025;23:00;RETENCION CABLE;0
21/9/2025;23:30;RETENCION CABLE;0
22/9/2025;00:00;RETENCION CABLE;0
22/9/2025;00:30;RETENCION CABLE;0
22/9/2025;01:00;RETENCION CABLE;0
22/9/2025;01:30;RETENCION CABLE;0
22/9/2025;02:00;RETENCION CABLE;0
22/9/2025;02:30;RETENCION CABLE;0
22/9/2025;03:00;RETENCION CABLE;0
22/9/2025;03:30;RETENCION CABLE;0
22/9/2025;04:00;RETENCION CABLE;0
22/9/2025;04:30;RETENCION CABLE;0
22/9/2025;05:00;RETENCION CABLE;0
22/9/2025;05:30;RETENCION CABLE;0
22/9/2025;06:00;RETENCION CABLE;0
22/9/2025;06:30;RETENCION CABLE;0
22/9/2025;07:00;RETENCION CABLE;0
22/9/2025;07:30;RETENCION CABLE;0
22/9/2025;08:00;RETENCION CABLE;9
22/9/2025;08:30;RETENCION CABLE;17
22/9/2025;09:00;RETENCION CABLE;12
22/9/2025;09:30;RETENCION CABLE;12
22/9/2025;10:00;RETENCION CABLE;12
22/9/2025;10:30;RETENCION CABLE;12
22/9/2025;11:00;RETENCION CABLE;12
22/9/2025;11:30;RETENCION CABLE;12
22/9/2025;12:00;RETENCION CABLE;12
22/9/2025;12:30;RETENCION CABLE;12
22/9/2025;13:00;RETENCION CABLE;12
22/9/2025;13:30;RETENCION CABLE;12
22/9/2025;14:00;RETENCION CABLE;4
22/9/2025;14:30;RETENCION CABLE;5
22/9/2025;15:00;RETENCION CABLE;5
22/9/2025;15:30;RETENCION CABLE;5
22/9/2025;16:00;RETENCION CABLE;6
22/9/2025;16:30;RETENCION CABLE;6
22/9/2025;17:00;RETENCION CABLE;6
22/9/2025;17:30;RETENCION CABLE;6
22/9/2025;18:00;RETENCION CABLE;6
22/9/2025;18:30;RETENCION CABLE;6
22/9/2025;19:00;RETENCION CABLE;5
22/9/2025;19:30;RETENCION CABLE;5
22/9/2025;20:00;RETENCION CABLE;6
22/9/2025;20:30;RETENCION CABLE;6
22/9/2025;21:00;RETENCION CABLE;14
22/9/2025;21:30;RETENCION CABLE;14
22/9/2025;22:00;RETENCION CABLE;0
22/9/2025;22:30;RETENCION CABLE;0
22/9/2025;23:00;RETENCION CABLE;0
22/9/2025;23:30;RETENCION CABLE;0
23/9/2025;00:00;RETENCION CABLE;0
23/9/2025;00:30;RETENCION CABLE;0
23/9/2025;01:00;RETENCION CABLE;0
23/9/2025;01:30;RETENCION CABLE;0
23/9/2025;02:00;RETENCION CABLE;0
23/9/2025;02:30;RETENCION CABLE;0
23/9/2025;03:00;RETENCION CABLE;0
23/9/2025;03:30;RETENCION CABLE;0
23/9/2025;04:00;RETENCION CABLE;0
23/9/2025;04:30;RETENCION CABLE;0
23/9/2025;05:00;RETENCION CABLE;0
23/9/2025;05:30;RETENCION CABLE;0
23/9/2025;06:00;RETENCION CABLE;0
23/9/2025;06:30;RETENCION CABLE;0
23/9/2025;07:00;RETENCION CABLE;0
23/9/2025;07:30;RETENCION CABLE;0
23/9/2025;08:00;RETENCION CABLE;9
23/9/2025;08:30;RETENCION CABLE;17
23/9/2025;09:00;RETENCION CABLE;12
23/9/2025;09:30;RETENCION CABLE;12
23/9/2025;10:00;RETENCION CABLE;12
23/9/2025;10:30;RETENCION CABLE;12
23/9/2025;11:00;RETENCION CABLE;12
23/9/2025;11:30;RETENCION CABLE;12
23/9/2025;12:00;RETENCION CABLE;12
23/9/2025;12:30;RETENCION CABLE;12
23/9/2025;13:00;RETENCION CABLE;12
23/9/2025;13:30;RETENCION CABLE;12
23/9/2025;14:00;RETENCION CABLE;5
23/9/2025;14:30;RETENCION CABLE;5
23/9/2025;15:00;RETENCION CABLE;5
23/9/2025;15:30;RETENCION CABLE;5
23/9/2025;16:00;RETENCION CABLE;4
23/9/2025;16:30;RETENCION CABLE;4
23/9/2025;17:00;RETENCION CABLE;4
23/9/2025;17:30;RETENCION CABLE;4
23/9/2025;18:00;RETENCION CABLE;4
23/9/2025;18:30;RETENCION CABLE;4
23/9/2025;19:00;RETENCION CABLE;4
23/9/2025;19:30;RETENCION CABLE;4
23/9/2025;20:00;RETENCION CABLE;5
23/9/2025;20:30;RETENCION CABLE;4
23/9/2025;21:00;RETENCION CABLE;16
23/9/2025;21:30;RETENCION CABLE;16
23/9/2025;22:00;RETENCION CABLE;0
23/9/2025;22:30;RETENCION CABLE;0
23/9/2025;23:00;RETENCION CABLE;0
23/9/2025;23:30;RETENCION CABLE;0
24/9/2025;00:00;RETENCION CABLE;0
24/9/2025;00:30;RETENCION CABLE;0
24/9/2025;01:00;RETENCION CABLE;0
24/9/2025;01:30;RETENCION CABLE;0
24/9/2025;02:00;RETENCION CABLE;0
24/9/2025;02:30;RETENCION CABLE;0
24/9/2025;03:00;RETENCION CABLE;0
24/9/2025;03:30;RETENCION CABLE;0
24/9/2025;04:00;RETENCION CABLE;0
24/9/2025;04:30;RETENCION CABLE;0
24/9/2025;05:00;RETENCION CABLE;0
24/9/2025;05:30;RETENCION CABLE;0
24/9/2025;06:00;RETENCION CABLE;0
24/9/2025;06:30;RETENCION CABLE;0
24/9/2025;07:00;RETENCION CABLE;0
24/9/2025;07:30;RETENCION CABLE;0
24/9/2025;08:00;RETENCION CABLE;9
24/9/2025;08:30;RETENCION CABLE;18
24/9/2025;09:00;RETENCION CABLE;10
24/9/2025;09:30;RETENCION CABLE;11
24/9/2025;10:00;RETENCION CABLE;11
24/9/2025;10:30;RETENCION CABLE;11
24/9/2025;11:00;RETENCION CABLE;11
24/9/2025;11:30;RETENCION CABLE;11
24/9/2025;12:00;RETENCION CABLE;11
24/9/2025;12:30;RETENCION CABLE;11
24/9/2025;13:00;RETENCION CABLE;11
24/9/2025;13:30;RETENCION CABLE;11
24/9/2025;14:00;RETENCION CABLE;6
24/9/2025;14:30;RETENCION CABLE;8
24/9/2025;15:00;RETENCION CABLE;2
24/9/2025;15:30;RETENCION CABLE;3
24/9/2025;16:00;RETENCION CABLE;5
24/9/2025;16:30;RETENCION CABLE;5
24/9/2025;17:00;RETENCION CABLE;5
24/9/2025;17:30;RETENCION CABLE;5
24/9/2025;18:00;RETENCION CABLE;5
24/9/2025;18:30;RETENCION CABLE;5
24/9/2025;19:00;RETENCION CABLE;5
24/9/2025;19:30;RETENCION CABLE;5
24/9/2025;20:00;RETENCION CABLE;6
24/9/2025;20:30;RETENCION CABLE;5
24/9/2025;21:00;RETENCION CABLE;17
24/9/2025;21:30;RETENCION CABLE;17
24/9/2025;22:00;RETENCION CABLE;0
24/9/2025;22:30;RETENCION CABLE;0
24/9/2025;23:00;RETENCION CABLE;0
24/9/2025;23:30;RETENCION CABLE;0
25/9/2025;00:00;RETENCION CABLE;0
25/9/2025;00:30;RETENCION CABLE;0
25/9/2025;01:00;RETENCION CABLE;0
25/9/2025;01:30;RETENCION CABLE;0
25/9/2025;02:00;RETENCION CABLE;0
25/9/2025;02:30;RETENCION CABLE;0
25/9/2025;03:00;RETENCION CABLE;0
25/9/2025;03:30;RETENCION CABLE;0
25/9/2025;04:00;RETENCION CABLE;0
25/9/2025;04:30;RETENCION CABLE;0
25/9/2025;05:00;RETENCION CABLE;0
25/9/2025;05:30;RETENCION CABLE;0
25/9/2025;06:00;RETENCION CABLE;0
25/9/2025;06:30;RETENCION CABLE;0
25/9/2025;07:00;RETENCION CABLE;0
25/9/2025;07:30;RETENCION CABLE;0
25/9/2025;08:00;RETENCION CABLE;9
25/9/2025;08:30;RETENCION CABLE;17
25/9/2025;09:00;RETENCION CABLE;13
25/9/2025;09:30;RETENCION CABLE;13
25/9/2025;10:00;RETENCION CABLE;13
25/9/2025;10:30;RETENCION CABLE;13
25/9/2025;11:00;RETENCION CABLE;13
25/9/2025;11:30;RETENCION CABLE;13
25/9/2025;12:00;RETENCION CABLE;13
25/9/2025;12:30;RETENCION CABLE;13
25/9/2025;13:00;RETENCION CABLE;13
25/9/2025;13:30;RETENCION CABLE;13
25/9/2025;14:00;RETENCION CABLE;8
25/9/2025;14:30;RETENCION CABLE;8
25/9/2025;15:00;RETENCION CABLE;3
25/9/2025;15:30;RETENCION CABLE;3
25/9/2025;16:00;RETENCION CABLE;3
25/9/2025;16:30;RETENCION CABLE;4
25/9/2025;17:00;RETENCION CABLE;4
25/9/2025;17:30;RETENCION CABLE;4
25/9/2025;18:00;RETENCION CABLE;4
25/9/2025;18:30;RETENCION CABLE;4
25/9/2025;19:00;RETENCION CABLE;3
25/9/2025;19:30;RETENCION CABLE;3
25/9/2025;20:00;RETENCION CABLE;4
25/9/2025;20:30;RETENCION CABLE;3
25/9/2025;21:00;RETENCION CABLE;14
25/9/2025;21:30;RETENCION CABLE;14
25/9/2025;22:00;RETENCION CABLE;0
25/9/2025;22:30;RETENCION CABLE;0
25/9/2025;23:00;RETENCION CABLE;0
25/9/2025;23:30;RETENCION CABLE;0
26/9/2025;00:00;RETENCION CABLE;0
26/9/2025;00:30;RETENCION CABLE;0
26/9/2025;01:00;RETENCION CABLE;0
26/9/2025;01:30;RETENCION CABLE;0
26/9/2025;02:00;RETENCION CABLE;0
26/9/2025;02:30;RETENCION CABLE;0
26/9/2025;03:00;RETENCION CABLE;0
26/9/2025;03:30;RETENCION CABLE;0
26/9/2025;04:00;RETENCION CABLE;0
26/9/2025;04:30;RETENCION CABLE;0
26/9/2025;05:00;RETENCION CABLE;0
26/9/2025;05:30;RETENCION CABLE;0
26/9/2025;06:00;RETENCION CABLE;0
26/9/2025;06:30;RETENCION CABLE;0
26/9/2025;07:00;RETENCION CABLE;0
26/9/2025;07:30;RETENCION CABLE;0
26/9/2025;08:00;RETENCION CABLE;1
26/9/2025;08:30;RETENCION CABLE;7
26/9/2025;09:00;RETENCION CABLE;7
26/9/2025;09:30;RETENCION CABLE;7
26/9/2025;10:00;RETENCION CABLE;7
26/9/2025;10:30;RETENCION CABLE;7
26/9/2025;11:00;RETENCION CABLE;7
26/9/2025;11:30;RETENCION CABLE;7
26/9/2025;12:00;RETENCION CABLE;7
26/9/2025;12:30;RETENCION CABLE;7
26/9/2025;13:00;RETENCION CABLE;7
26/9/2025;13:30;RETENCION CABLE;7
26/9/2025;14:00;RETENCION CABLE;5
26/9/2025;14:30;RETENCION CABLE;5
26/9/2025;15:00;RETENCION CABLE;1
26/9/2025;15:30;RETENCION CABLE;1
26/9/2025;16:00;RETENCION CABLE;2
26/9/2025;16:30;RETENCION CABLE;2
26/9/2025;17:00;RETENCION CABLE;2
26/9/2025;17:30;RETENCION CABLE;2
26/9/2025;18:00;RETENCION CABLE;2
26/9/2025;18:30;RETENCION CABLE;2
26/9/2025;19:00;RETENCION CABLE;2
26/9/2025;19:30;RETENCION CABLE;2
26/9/2025;20:00;RETENCION CABLE;3
26/9/2025;20:30;RETENCION CABLE;2
26/9/2025;21:00;RETENCION CABLE;11
26/9/2025;21:30;RETENCION CABLE;11
26/9/2025;22:00;RETENCION CABLE;0
26/9/2025;22:30;RETENCION CABLE;0
26/9/2025;23:00;RETENCION CABLE;0
26/9/2025;23:30;RETENCION CABLE;0
27/9/2025;00:00;RETENCION CABLE;0
27/9/2025;00:30;RETENCION CABLE;0
27/9/2025;01:00;RETENCION CABLE;0
27/9/2025;01:30;RETENCION CABLE;0
27/9/2025;02:00;RETENCION CABLE;0
27/9/2025;02:30;RETENCION CABLE;0
27/9/2025;03:00;RETENCION CABLE;0
27/9/2025;03:30;RETENCION CABLE;0
27/9/2025;04:00;RETENCION CABLE;0
27/9/2025;04:30;RETENCION CABLE;0
27/9/2025;05:00;RETENCION CABLE;0
27/9/2025;05:30;RETENCION CABLE;0
27/9/2025;06:00;RETENCION CABLE;0
27/9/2025;06:30;RETENCION CABLE;0
27/9/2025;07:00;RETENCION CABLE;0
27/9/2025;07:30;RETENCION CABLE;0
27/9/2025;08:00;RETENCION CABLE;3
27/9/2025;08:30;RETENCION CABLE;3
27/9/2025;09:00;RETENCION CABLE;4
27/9/2025;09:30;RETENCION CABLE;4
27/9/2025;10:00;RETENCION CABLE;4
27/9/2025;10:30;RETENCION CABLE;4
27/9/2025;11:00;RETENCION CABLE;4
27/9/2025;11:30;RETENCION CABLE;4
27/9/2025;12:00;RETENCION CABLE;4
27/9/2025;12:30;RETENCION CABLE;4
27/9/2025;13:00;RETENCION CABLE;4
27/9/2025;13:30;RETENCION CABLE;4
27/9/2025;14:00;RETENCION CABLE;2
27/9/2025;14:30;RETENCION CABLE;2
27/9/2025;15:00;RETENCION CABLE;1
27/9/2025;15:30;RETENCION CABLE;1
27/9/2025;16:00;RETENCION CABLE;2
27/9/2025;16:30;RETENCION CABLE;2
27/9/2025;17:00;RETENCION CABLE;2
27/9/2025;17:30;RETENCION CABLE;2
27/9/2025;18:00;RETENCION CABLE;2
27/9/2025;18:30;RETENCION CABLE;2
27/9/2025;19:00;RETENCION CABLE;2
27/9/2025;19:30;RETENCION CABLE;2
27/9/2025;20:00;RETENCION CABLE;2
27/9/2025;20:30;RETENCION CABLE;2
27/9/2025;21:00;RETENCION CABLE;0
27/9/2025;21:30;RETENCION CABLE;0
27/9/2025;22:00;RETENCION CABLE;0
27/9/2025;22:30;RETENCION CABLE;0
27/9/2025;23:00;RETENCION CABLE;0
27/9/2025;23:30;RETENCION CABLE;0
28/9/2025;00:00;RETENCION CABLE;0
28/9/2025;00:30;RETENCION CABLE;0
28/9/2025;01:00;RETENCION CABLE;0
28/9/2025;01:30;RETENCION CABLE;0
28/9/2025;02:00;RETENCION CABLE;0
28/9/2025;02:30;RETENCION CABLE;0
28/9/2025;03:00;RETENCION CABLE;0
28/9/2025;03:30;RETENCION CABLE;0
28/9/2025;04:00;RETENCION CABLE;0
28/9/2025;04:30;RETENCION CABLE;0
28/9/2025;05:00;RETENCION CABLE;0
28/9/2025;05:30;RETENCION CABLE;0
28/9/2025;06:00;RETENCION CABLE;0
28/9/2025;06:30;RETENCION CABLE;0
28/9/2025;07:00;RETENCION CABLE;0
28/9/2025;07:30;RETENCION CABLE;0
28/9/2025;08:00;RETENCION CABLE;3
28/9/2025;08:30;RETENCION CABLE;3
28/9/2025;09:00;RETENCION CABLE;6
28/9/2025;09:30;RETENCION CABLE;6
28/9/2025;10:00;RETENCION CABLE;6
28/9/2025;10:30;RETENCION CABLE;6
28/9/2025;11:00;RETENCION CABLE;6
28/9/2025;11:30;RETENCION CABLE;6
28/9/2025;12:00;RETENCION CABLE;6
28/9/2025;12:30;RETENCION CABLE;6
28/9/2025;13:00;RETENCION CABLE;6
28/9/2025;13:30;RETENCION CABLE;6
28/9/2025;14:00;RETENCION CABLE;4
28/9/2025;14:30;RETENCION CABLE;4
28/9/2025;15:00;RETENCION CABLE;1
28/9/2025;15:30;RETENCION CABLE;1
28/9/2025;16:00;RETENCION CABLE;2
28/9/2025;16:30;RETENCION CABLE;2
28/9/2025;17:00;RETENCION CABLE;2
28/9/2025;17:30;RETENCION CABLE;2
28/9/2025;18:00;RETENCION CABLE;2
28/9/2025;18:30;RETENCION CABLE;2
28/9/2025;19:00;RETENCION CABLE;2
28/9/2025;19:30;RETENCION CABLE;2
28/9/2025;20:00;RETENCION CABLE;2
28/9/2025;20:30;RETENCION CABLE;2
28/9/2025;21:00;RETENCION CABLE;0
28/9/2025;21:30;RETENCION CABLE;0
28/9/2025;22:00;RETENCION CABLE;0
28/9/2025;22:30;RETENCION CABLE;0
28/9/2025;23:00;RETENCION CABLE;0
28/9/2025;23:30;RETENCION CABLE;0
29/9/2025;00:00;RETENCION CABLE;0
29/9/2025;00:30;RETENCION CABLE;0
29/9/2025;01:00;RETENCION CABLE;0
29/9/2025;01:30;RETENCION CABLE;0
29/9/2025;02:00;RETENCION CABLE;0
29/9/2025;02:30;RETENCION CABLE;0
29/9/2025;03:00;RETENCION CABLE;0
29/9/2025;03:30;RETENCION CABLE;0
29/9/2025;04:00;RETENCION CABLE;0
29/9/2025;04:30;RETENCION CABLE;0
29/9/2025;05:00;RETENCION CABLE;0
29/9/2025;05:30;RETENCION CABLE;0
29/9/2025;06:00;RETENCION CABLE;0
29/9/2025;06:30;RETENCION CABLE;0
29/9/2025;07:00;RETENCION CABLE;0
29/9/2025;07:30;RETENCION CABLE;0
29/9/2025;08:00;RETENCION CABLE;9
29/9/2025;08:30;RETENCION CABLE;17
29/9/2025;09:00;RETENCION CABLE;12
29/9/2025;09:30;RETENCION CABLE;12
29/9/2025;10:00;RETENCION CABLE;12
29/9/2025;10:30;RETENCION CABLE;12
29/9/2025;11:00;RETENCION CABLE;12
29/9/2025;11:30;RETENCION CABLE;12
29/9/2025;12:00;RETENCION CABLE;12
29/9/2025;12:30;RETENCION CABLE;12
29/9/2025;13:00;RETENCION CABLE;12
29/9/2025;13:30;RETENCION CABLE;12
29/9/2025;14:00;RETENCION CABLE;4
29/9/2025;14:30;RETENCION CABLE;5
29/9/2025;15:00;RETENCION CABLE;5
29/9/2025;15:30;RETENCION CABLE;5
29/9/2025;16:00;RETENCION CABLE;6
29/9/2025;16:30;RETENCION CABLE;6
29/9/2025;17:00;RETENCION CABLE;6
29/9/2025;17:30;RETENCION CABLE;6
29/9/2025;18:00;RETENCION CABLE;6
29/9/2025;18:30;RETENCION CABLE;6
29/9/2025;19:00;RETENCION CABLE;5
29/9/2025;19:30;RETENCION CABLE;5
29/9/2025;20:00;RETENCION CABLE;6
29/9/2025;20:30;RETENCION CABLE;6
29/9/2025;21:00;RETENCION CABLE;14
29/9/2025;21:30;RETENCION CABLE;14
29/9/2025;22:00;RETENCION CABLE;0
29/9/2025;22:30;RETENCION CABLE;0
29/9/2025;23:00;RETENCION CABLE;0
29/9/2025;23:30;RETENCION CABLE;0
30/9/2025;00:00;RETENCION CABLE;0
30/9/2025;00:30;RETENCION CABLE;0
30/9/2025;01:00;RETENCION CABLE;0
30/9/2025;01:30;RETENCION CABLE;0
30/9/2025;02:00;RETENCION CABLE;0
30/9/2025;02:30;RETENCION CABLE;0
30/9/2025;03:00;RETENCION CABLE;0
30/9/2025;03:30;RETENCION CABLE;0
30/9/2025;04:00;RETENCION CABLE;0
30/9/2025;04:30;RETENCION CABLE;0
30/9/2025;05:00;RETENCION CABLE;0
30/9/2025;05:30;RETENCION CABLE;0
30/9/2025;06:00;RETENCION CABLE;0
30/9/2025;06:30;RETENCION CABLE;0
30/9/2025;07:00;RETENCION CABLE;0
30/9/2025;07:30;RETENCION CABLE;0
30/9/2025;08:00;RETENCION CABLE;9
30/9/2025;08:30;RETENCION CABLE;17
30/9/2025;09:00;RETENCION CABLE;12
30/9/2025;09:30;RETENCION CABLE;12
30/9/2025;10:00;RETENCION CABLE;12
30/9/2025;10:30;RETENCION CABLE;12
30/9/2025;11:00;RETENCION CABLE;12
30/9/2025;11:30;RETENCION CABLE;12
30/9/2025;12:00;RETENCION CABLE;12
30/9/2025;12:30;RETENCION CABLE;12
30/9/2025;13:00;RETENCION CABLE;12
30/9/2025;13:30;RETENCION CABLE;12
30/9/2025;14:00;RETENCION CABLE;5
30/9/2025;14:30;RETENCION CABLE;5
30/9/2025;15:00;RETENCION CABLE;5
30/9/2025;15:30;RETENCION CABLE;5
30/9/2025;16:00;RETENCION CABLE;4
30/9/2025;16:30;RETENCION CABLE;4
30/9/2025;17:00;RETENCION CABLE;4
30/9/2025;17:30;RETENCION CABLE;4
30/9/2025;18:00;RETENCION CABLE;4
30/9/2025;18:30;RETENCION CABLE;4
30/9/2025;19:00;RETENCION CABLE;4
30/9/2025;19:30;RETENCION CABLE;4
30/9/2025;20:00;RETENCION CABLE;5
30/9/2025;20:30;RETENCION CABLE;4
30/9/2025;21:00;RETENCION CABLE;16
30/9/2025;21:30;RETENCION CABLE;16
30/9/2025;22:00;RETENCION CABLE;0
30/9/2025;22:30;RETENCION CABLE;0
30/9/2025;23:00;RETENCION CABLE;0
30/9/2025;23:30;RETENCION CABLE;0
